{
    "socialSearch": [
        {
            "addressInformation": [
                {
                    "censusGeoCode": "0010061",
                    "city": "LAS VEGAS",
                    "countyCode": "003",
                    "dwellingType": "S",
                    "firstReportedDate": "07282015",
                    "lastReportingSubscriberCode": "2222202",
                    "lastUpdatedDate": "02282018",
                    "source": "1",
                    "state": "NV",
                    "streetName": "BURTON",
                    "streetPrefix": "3009",
                    "streetSuffix": "AVE",
                    "timesReported": "00",
                    "zipCode": "891022068"
                },
                {
                    "censusGeoCode": "8459002",
                    "city": "BURR RIDGE",
                    "countyCode": "043",
                    "dwellingType": "S",
                    "firstReportedDate": "10142002",
                    "lastReportingSubscriberCode": "2222222",
                    "lastUpdatedDate": "10142014",
                    "source": "1",
                    "state": "IL",
                    "streetName": "PINE TREE",
                    "streetPrefix": "12",
                    "streetSuffix": "LN",
                    "timesReported": "23",
                    "zipCode": "605275900"
                },
                {
                    "censusGeoCode": "8201016",
                    "city": "INDIANHEAD PARK",
                    "countyCode": "031",
                    "dwellingType": "S",
                    "firstReportedDate": "01012001",
                    "lastReportingSubscriberCode": "2222220",
                    "lastUpdatedDate": "02192005",
                    "source": "1",
                    "state": "IL",
                    "streetName": "STONEHEARTH",
                    "streetPrefix": "5",
                    "streetSuffix": "SQ",
                    "timesReported": "00",
                    "zipCode": "605254455"
                }
            ],
            "consumerIdentity": {
                "dob": {
                    "day": "18",
                    "month": "09",
                    "year": "1946"
                },
                "name": [
                    {
                        "firstName": "WEI",
                        "surname": "BESSER",
                        "confirmedVerifiedSsn": [
                            {
                                "timesReportedForSameName": "35",
                                "ssn": "111111111"
                            }
                        ]
                    },
                    {
                        "firstName": "TONY",
                        "middleName": "WEI",
                        "surname": "BESSER",
                        "confirmedVerifiedSsn": [
                            {
                                "timesReportedForSameName": "35",
                                "ssn": "111111111"
                            }
                        ]
                    },
                    {
                        "firstName": "WANG",
                        "surname": "BESSER",
                        "confirmedVerifiedSsn": [
                            {
                                "timesReportedForSameName": "35",
                                "ssn": "111111111"
                            }
                        ]
                    },
                    {
                        "firstName": "TONY",
                        "surname": "BESSER",
                        "confirmedVerifiedSsn": [
                            {
                                "timesReportedForSameName": "35",
                                "ssn": "111111111"
                            }
                        ]
                    }
                ],
                "phone": [
                    {
                        "number": "7028229229",
                        "source": "P"
                    },
                    {
                        "number": "6307899229",
                        "source": "P"
                    },
                    {
                        "number": "6307891718",
                        "source": "P"
                    }
                ],
                "spouseName": "NAN"
            },
            "directCheck": [
                {
                    "subscriberAddress": "250 NORTH ST",
                    "subscriberCity": "WHITE PLAINS",
                    "subscriberCode": "2222222",
                    "subscriberName": "QUORUM FED CR UN",
                    "subscriberPhone": "BYMAILONLY",
                    "subscriberState": "NY",
                    "subscriberZipCode": "10605"
                },
                {
                    "subscriberAddress": "700 E LAKE COOK RD",
                    "subscriberCity": "BUFFALO GROVE",
                    "subscriberCode": "2222220",
                    "subscriberName": "HARRIS CHG",
                    "subscriberPhone": "8475206550",
                    "subscriberState": "IL",
                    "subscriberZipCode": "60089"
                },
                {
                    "subscriberAddress": "800 BROOKSEDGE BLVD",
                    "subscriberCity": "WESTERVILLE",
                    "subscriberCode": "2222202",
                    "subscriberName": "CHASE",
                    "subscriberPhone": "8009559900",
                    "subscriberState": "OH",
                    "subscriberZipCode": "43081"
                }
            ],
            "fraudShield": [
                {
                    "addressCount": "0000",
                    "addressDate": "04012019",
                    "addressErrorCode": "0",
                    "fraudShieldIndicators": {
                        "indicator": [
                            "17"
                        ]
                    },
                    "sic": "86990300",
                    "socialCount": "0000",
                    "socialDate": "04012019",
                    "socialErrorCode": "0",
                    "ssnFirstPossibleIssuanceYear": "1936",
                    "ssnLastPossibleIssuanceYear": "1953",
                    "text": "CKPT: MEMBERSHIP ORGANIZATION ON FACS+ FILE/NV SOCIETY OF HEALTH SYSTEM PHAR/3009 BURTON AVE/LAS VEGAS NV 89102/702.822.1771",
                    "type": "04"
                }
            ],
            "ssn": [
                {
                    "number": "111111111"
                }
            ]
        }
    ]
}